,model,train_err,val_err,test_err
0,LinearSVC,0.5858369098712446,0.585,0.13513513513513514
1,KNN,0.6545064377682404,0.68,0.4864864864864865
